<?xml version="1.0" encoding="UTF-8"?>

<FLOW VERSION="3.0" CLEANUP="true">

  <!-- nodes -->

<SEQUENCE EXIT-ON="FAILURE">

  <!-- nodes -->

<INVOKE SERVICE="pub.client:restClient">

  <!-- nodes -->

<MAP MODE="INPUT">

  <!-- nodes -->

<MAPSET OVERWRITE="true" VARIABLES="true" GLOBALVARIABLES="false" FIELD="/basePath;1;0">
  <DATA ENCODING="XMLValues" I18N="true">

<Values version="2.0">
  <value name="xml">/v2</value>
</Values>
</DATA>
</MAPSET>

<MAPSET OVERWRITE="true" VARIABLES="true" GLOBALVARIABLES="false" FIELD="/path;1;0">
  <DATA ENCODING="XMLValues" I18N="true">

<Values version="2.0">
  <value name="xml">/user/logout</value>
</Values>
</DATA>
</MAPSET>

<MAPSET OVERWRITE="true" VARIABLES="true" GLOBALVARIABLES="false" FIELD="/httpMethod;1;0">
  <DATA ENCODING="XMLValues" I18N="true">

<Values version="2.0">
  <value name="xml">GET</value>
</Values>
</DATA>
</MAPSET>

<MAPSET OVERWRITE="false" VARIABLES="true" GLOBALVARIABLES="false" FIELD="/host;1;0">
  <DATA ENCODING="XMLValues" I18N="true">

<Values version="2.0">
  <value name="xml">petstore.swagger.io</value>
</Values>
</DATA>
</MAPSET>

<MAPSET OVERWRITE="false" VARIABLES="true" GLOBALVARIABLES="false" FIELD="/produces;1;0">
  <DATA ENCODING="XMLValues" I18N="true">

<Values version="2.0">
  <value name="xml">application/json</value>
</Values>
</DATA>
</MAPSET>

<MAPSET OVERWRITE="false" VARIABLES="true" GLOBALVARIABLES="false" FIELD="/scheme;1;0">
  <DATA ENCODING="XMLValues" I18N="true">

<Values version="2.0">
  <value name="xml">https</value>
</Values>
</DATA>
</MAPSET>

<MAPSET OVERWRITE="false" VARIABLES="true" GLOBALVARIABLES="false" FIELD="/radName;1;0">
  <DATA ENCODING="XMLValues" I18N="true">

<Values version="2.0">
  <value name="xml">EnxPetstoreClient:petstore_backend</value>
</Values>
</DATA>
</MAPSET>
</MAP>

<MAP MODE="OUTPUT">
</MAP>
</INVOKE>

<BRANCH SWITCH="/code">

  <!-- nodes -->

<SEQUENCE NAME="$default" EXIT-ON="FAILURE">

  <!-- nodes -->

<INVOKE SERVICE="pub.flow:clearPipeline">

  <!-- nodes -->

<MAP MODE="INPUT">

  <!-- nodes -->

<MAPSET OVERWRITE="true" VARIABLES="true" GLOBALVARIABLES="false" FIELD="/preserve;1;1">
  <DATA ENCODING="XMLValues" I18N="true">

<Values version="2.0">
  <array name="xml" type="value" depth="1">
    <value>code</value>
    <value>phrase</value>
  </array>
</Values>
</DATA>
</MAPSET>
</MAP>
</INVOKE>
</SEQUENCE>
</BRANCH>
</SEQUENCE>
</FLOW>
